id,min,max
208,2350,2550
203,150,180
204,65,85
205,240,310
255,3200,4500
291,34,65
619,1.6,4.0
618,11,20
"629, 621",0.5,1.0
504,3.0,6.0
505,2.3,5.0
510,2.0,5.0
503,1.53,4.0
"508, 509",1.915,5.0
"506, 507",1.15,3.0
502,1.15,3.0
512,0.766,2.0
501,0.306,1.0
320,900,3000
401,90,2000
324,600,4000
323,15,1000
430,120,1000
404,1.2,
405,1.5,
406,16.2,35
410,5,
415,1.3,100
,30,
432,400,1000
418,2.4,
303,14.4,45
309,16.5,40
301,1000,2500
304,400,1000
306,3400,6000
307,1500,3000
317,55,400
314,150,1100
312,0.9,10.0
315,2.3,11
305,700,4000
313,4000,10000
,35,200
,45,2000
,2300,3600
421,550,3500
,3,5
