fdc_id,description,min,max
172475,"Tofu, raw, firm, prepared with calcium sulfate",,200
168147,Vital wheat gluten,,50
172421,"Lentils, mature seeds, cooked, boiled, without salt",,300
173904,"Cereals, oats, regular and quick, not fortified, dry",,125
168483,"Sweet potato, cooked, baked in skin, flesh, without salt",,100
169967,"Broccoli, cooked, boiled, drained, without salt",,200
168463,"Spinach, cooked, boiled, drained, without salt",,100
170108,"Peppers, sweet, red, raw",,100
173944,"Bananas, raw",,300
169414,"Seeds, flaxseed",,5
170563,"Seeds, sunflower seed kernels, dry roasted, without salt",,30
168892,"Wheat germ, crude",,60
1,Nutritional yeast,,30
172470,"Peanut butter, smooth style, without salt",,25
170569,"Nuts, brazilnuts, dried, unblanched",,5
171413,"Oil, olive, salad or cooking",,25
173468,"Salt, table",,4
173227,"Beverages, tea, black, brewed, prepared with tap water",,1200
173647,"Beverages, water, tap, drinking",,2300
2,"Algae oil supplement, pill",,1
3,"Vitamin B12 supplement, pill",,1
4,"Vitamin D3 supplement (vegan), pill",,1
5,"Choline supplement, pill",,2
169699,"Couscous, dry",,225
9,Seitan,,250
170379,"Broccoli, raw",,225
170393,"Carrots, raw",,150
172448,"Tofu, firm, prepared with calcium sulfate and magnesium chloride (nigari)",,55
6,Pea protein isolate,,80
172336,"Oil, canola",,35
171025,"Oil, sunflower, linoleic, (approx. 65%)",,18
7,Vegan multivitamin,,1
8,Calcium supplement,,1
169705,Oats (Includes foods for USDA's Food Distribution Program),,130
172456,"Soymilk, original and vanilla, with added calcium, vitamins A and D",,630
170187,"Nuts, walnuts, english",,5
10,Black tea (dry),,4
175103,"Beverages, water, tap, municipal",,3000
169756,"Rice, white, long-grain, regular, raw, unenriched",,135
170026,"Potatoes, flesh and skin, raw",,100
174284,"Lentils, pink or red, raw",,80
174276,Soy protein isolate,,60
171426,"Oil, soybean lecithin",,5
175215,"Soymilk (all flavors), unsweetened, with added calcium, vitamins A and D",,200
169098,"Orange juice, raw (Includes foods for USDA's Food Distribution Program)",,700
169287,"Spinach, frozen, chopped or leaf, unprepared (Includes foods for USDA's Food Distribution Program)",,100
169736,"Pasta, dry, enriched",,80
170054,"Tomato products, canned, sauce",,200
