id,fdc_id,nutrient_id,amount,data_points,derivation_id,min,max,median
50000,999999,1008,166.6,1,1,,,
50001,999999,1003,12.0,1,1,,,
50002,999999,1004,6.2,1,1,,,
50003,999999,1005,15.7,1,1,,,
50004,999999,1051,65.0,1,1,,,
50005,999999,1079,3.0,1,1,,,
50006,999999,1404,0.5,1,1,,,
50007,999999,1316,2.5,1,1,,,
50008,999999,1272,0.0,1,1,,,
50009,999999,1213,0.8,1,1,,,
50010,999999,1214,0.6,1,1,,,
50011,999999,1219,0.5,1,1,,,
50012,999999,1212,0.5,1,1,,,
50013,999999,1230,0.9,1,1,,,
50014,999999,1229,0.4,1,1,,,
50015,999999,1211,0.4,1,1,,,
50016,999999,1221,0.3,1,1,,,
50017,999999,1210,0.1,1,1,,,
50018,999999,1106,200.0,1,1,,,
50019,999999,1162,30.0,1,1,,,
50020,999999,1114,0.0,1,1,,,
50021,999999,1109,2.0,1,1,,,
50022,999999,1185,50.0,1,1,,,
50023,999999,1165,0.2,1,1,,,
50024,999999,1166,0.2,1,1,,,
50025,999999,1167,1.5,1,1,,,
50026,999999,1170,0.5,1,1,,,
50027,999999,1175,0.2,1,1,,,
50028,999999,1176,5.0,1,1,,,
50029,999999,1190,40.0,1,1,,,
50030,999999,1178,0.0,1,1,,,
50031,999999,1089,2.0,1,1,,,
50032,999999,1095,1.0,1,1,,,
50033,999999,1087,150.0,1,1,,,
50034,999999,1090,40.0,1,1,,,
50035,999999,1092,300.0,1,1,,,
50036,999999,1093,150.0,1,1,,,
50037,999999,1103,5.0,1,1,,,
50038,999999,1100,10.0,1,1,,,
50039,999999,1098,0.2,1,1,,,
50040,999999,1101,0.4,1,1,,,
50041,999999,1091,100.0,1,1,,,
50042,999999,1099,0.1,1,1,,,
50043,999999,1096,1.0,1,1,,,
50044,999999,1102,15.0,1,1,,,
50045,999999,1088,200.0,1,1,,,
50046,999999,1180,30.0,1,1,,,
50047,999999,1414,0.0,1,1,,,
50048,999998,1008,218.06,1,1,,,
50049,999998,1003,14.4,1,1,,,
50050,999998,1004,8.06,1,1,,,
50051,999998,1005,21.98,1,1,,,
50052,999998,1051,54.35,1,1,,,
50053,999998,1079,3.3,1,1,,,
50054,999998,1404,0.55,1,1,,,
50055,999998,1316,2.75,1,1,,,
50056,999998,1272,0.0,1,1,,,
50057,999998,1213,0.88,1,1,,,
50058,999998,1214,0.66,1,1,,,
50059,999998,1219,0.55,1,1,,,
50060,999998,1212,0.55,1,1,,,
50061,999998,1230,0.99,1,1,,,
50062,999998,1229,0.44,1,1,,,
50063,999998,1211,0.44,1,1,,,
50064,999998,1221,0.33,1,1,,,
50065,999998,1210,0.11,1,1,,,
50066,999998,1106,220.0,1,1,,,
50067,999998,1162,33.0,1,1,,,
50068,999998,1114,0.0,1,1,,,
50069,999998,1109,2.2,1,1,,,
50070,999998,1185,55.0,1,1,,,
50071,999998,1165,0.22,1,1,,,
50072,999998,1166,0.22,1,1,,,
50073,999998,1167,1.65,1,1,,,
50074,999998,1170,0.55,1,1,,,
50075,999998,1175,0.22,1,1,,,
50076,999998,1176,5.5,1,1,,,
50077,999998,1190,44.0,1,1,,,
50078,999998,1178,0.0,1,1,,,
50079,999998,1089,2.2,1,1,,,
50080,999998,1095,1.1,1,1,,,
50081,999998,1087,165.0,1,1,,,
50082,999998,1090,44.0,1,1,,,
50083,999998,1092,330.0,1,1,,,
50084,999998,1093,165.0,1,1,,,
50085,999998,1103,5.5,1,1,,,
50086,999998,1100,11.0,1,1,,,
50087,999998,1098,0.22,1,1,,,
50088,999998,1101,0.44,1,1,,,
50089,999998,1091,110.0,1,1,,,
50090,999998,1099,0.11,1,1,,,
50091,999998,1096,1.1,1,1,,,
50092,999998,1102,16.5,1,1,,,
50093,999998,1088,220.0,1,1,,,
50094,999998,1180,33.0,1,1,,,
50095,999998,1414,0.0,1,1,,,
50096,999997,1008,125.72,1,1,,,
50097,999997,1003,18.0,1,1,,,
50098,999997,1004,2.48,1,1,,,
50099,999997,1005,7.85,1,1,,,
50100,999997,1051,70.9,1,1,,,
50101,999997,1079,2.1,1,1,,,
50102,999997,1404,0.35,1,1,,,
50103,999997,1316,1.75,1,1,,,
50104,999997,1272,0.0,1,1,,,
50105,999997,1213,0.56,1,1,,,
50106,999997,1214,0.42,1,1,,,
50107,999997,1219,0.35,1,1,,,
50108,999997,1212,0.35,1,1,,,
50109,999997,1230,0.63,1,1,,,
50110,999997,1229,0.28,1,1,,,
50111,999997,1211,0.28,1,1,,,
50112,999997,1221,0.21,1,1,,,
50113,999997,1210,0.07,1,1,,,
50114,999997,1106,140.0,1,1,,,
50115,999997,1162,21.0,1,1,,,
50116,999997,1114,0.0,1,1,,,
50117,999997,1109,1.4,1,1,,,
50118,999997,1185,35.0,1,1,,,
50119,999997,1165,0.14,1,1,,,
50120,999997,1166,0.14,1,1,,,
50121,999997,1167,1.05,1,1,,,
50122,999997,1170,0.35,1,1,,,
50123,999997,1175,0.14,1,1,,,
50124,999997,1176,3.5,1,1,,,
50125,999997,1190,28.0,1,1,,,
50126,999997,1178,0.0,1,1,,,
50127,999997,1089,1.4,1,1,,,
50128,999997,1095,0.7,1,1,,,
50129,999997,1087,105.0,1,1,,,
50130,999997,1090,28.0,1,1,,,
50131,999997,1092,210.0,1,1,,,
50132,999997,1093,105.0,1,1,,,
50133,999997,1103,3.5,1,1,,,
50134,999997,1100,7.0,1,1,,,
50135,999997,1098,0.14,1,1,,,
50136,999997,1101,0.28,1,1,,,
50137,999997,1091,70.0,1,1,,,
50138,999997,1099,0.07,1,1,,,
50139,999997,1096,0.7,1,1,,,
50140,999997,1102,10.5,1,1,,,
50141,999997,1088,140.0,1,1,,,
50142,999997,1180,21.0,1,1,,,
50143,999997,1414,0.0,1,1,,,
50144,999996,1008,170.12,1,1,,,
50145,999996,1003,21.6,1,1,,,
50146,999996,1004,3.72,1,1,,,
50147,999996,1005,12.56,1,1,,,
50148,999996,1051,61.13,1,1,,,
50149,999996,1079,2.7,1,1,,,
50150,999996,1404,0.45,1,1,,,
50151,999996,1316,2.25,1,1,,,
50152,999996,1272,0.0,1,1,,,
50153,999996,1213,0.72,1,1,,,
50154,999996,1214,0.54,1,1,,,
50155,999996,1219,0.45,1,1,,,
50156,999996,1212,0.45,1,1,,,
50157,999996,1230,0.81,1,1,,,
50158,999996,1229,0.36,1,1,,,
50159,999996,1211,0.36,1,1,,,
50160,999996,1221,0.27,1,1,,,
50161,999996,1210,0.09,1,1,,,
50162,999996,1106,180.0,1,1,,,
50163,999996,1162,27.0,1,1,,,
50164,999996,1114,0.0,1,1,,,
50165,999996,1109,1.8,1,1,,,
50166,999996,1185,45.0,1,1,,,
50167,999996,1165,0.18,1,1,,,
50168,999996,1166,0.18,1,1,,,
50169,999996,1167,1.35,1,1,,,
50170,999996,1170,0.45,1,1,,,
50171,999996,1175,0.18,1,1,,,
50172,999996,1176,4.5,1,1,,,
50173,999996,1190,36.0,1,1,,,
50174,999996,1178,0.0,1,1,,,
50175,999996,1089,1.8,1,1,,,
50176,999996,1095,0.9,1,1,,,
50177,999996,1087,135.0,1,1,,,
50178,999996,1090,36.0,1,1,,,
50179,999996,1092,270.0,1,1,,,
50180,999996,1093,135.0,1,1,,,
50181,999996,1103,4.5,1,1,,,
50182,999996,1100,9.0,1,1,,,
50183,999996,1098,0.18,1,1,,,
50184,999996,1101,0.36,1,1,,,
50185,999996,1091,90.0,1,1,,,
50186,999996,1099,0.09,1,1,,,
50187,999996,1096,0.9,1,1,,,
50188,999996,1102,13.5,1,1,,,
50189,999996,1088,180.0,1,1,,,
50190,999996,1180,27.0,1,1,,,
50191,999996,1414,0.0,1,1,,,
50192,1,1008,120.39,,,,,
50193,1,1003,4.38,,,,,
50194,1,1004,2.99,,,,,
50195,1,1005,18.99,,,,,
50196,1,1051,72.85,,,,,
50197,1,1079,4.44,,,,,
50198,1,1270,0.91,,,,,
50199,1,1269,0.77,,,,,
50200,1,1278,0.0,,,,,
50201,1,1272,0.0,,,,,
50202,1,1213,0.3,,,,,
50203,1,1214,0.2,,,,,
50204,1,1219,0.25,,,,,
50205,1,1212,0.2,,,,,
50206,1,1217,0.2,,,,,
50207,1,1218,0.15,,,,,
50208,1,1215,0.1,,,,,
50209,1,1216,0.1,,,,,
50210,1,1211,0.15,,,,,
50211,1,1221,0.1,,,,,
50212,1,1210,0.05,,,,,
50213,1,1106,1.4,,,,,
50214,1,1162,2.4,,,,,
50215,1,1114,0.0,,,,,
50216,1,1109,0.5,,,,,
50217,1,1185,5.0,,,,,
50218,1,1165,0.15,,,,,
50219,1,1166,0.03,,,,,
50220,1,1167,0.2,,,,,
50221,1,1170,0.3,,,,,
50222,1,1175,0.05,,,,,
50223,1,1176,1.0,,,,,
50224,1,1190,8.0,,,,,
50225,1,1178,0.0,,,,,
50226,1,1089,1.4,,,,,
50227,1,1095,0.8,,,,,
50228,1,1087,43.85,,,,,
50229,1,1090,35.0,,,,,
50230,1,1092,100.0,,,,,
50231,1,1093,1.0,,,,,
50232,1,1103,4.0,,,,,
50233,1,1100,1.0,,,,,
50234,1,1098,0.1,,,,,
50235,1,1101,0.8,,,,,
50236,1,1091,100.0,,,,,
50237,1,1099,0.0,,,,,
50238,1,1094,20.0,,,,,
50239,1,1180,5.0,,,,,
50240,1000000,1008,900,,,,,
50241,1000000,1003,0.0,,,,,
50242,1000000,1004,100,,,,,
50243,1000000,1005,0.0,,,,,
50244,1000000,1051,0.0,,,,,
50245,1000000,1079,0.0,,,,,
50246,1000000,1270,0.0,,,,,
50247,1000000,1269,0.0,,,,,
50248,1000000,1278,15,,,,,
50249,1000000,1272,30,,,,,
50250,1000000,1213,0.0,,,,,
50251,1000000,1214,0.0,,,,,
50252,1000000,1219,0.0,,,,,
50253,1000000,1212,0.0,,,,,
50254,1000000,1217,0.0,,,,,
50255,1000000,1218,0.0,,,,,
50256,1000000,1215,0.0,,,,,
50257,1000000,1216,0.0,,,,,
50258,1000000,1211,0.0,,,,,
50259,1000000,1221,0.0,,,,,
50260,1000000,1210,0.0,,,,,
50261,1000000,1106,0.0,,,,,
50262,1000000,1162,0.0,,,,,
50263,1000000,1114,0.0,,,,,
50264,1000000,1109,0.0,,,,,
50265,1000000,1185,0.0,,,,,
50266,1000000,1165,0.0,,,,,
50267,1000000,1166,0.0,,,,,
50268,1000000,1167,0.0,,,,,
50269,1000000,1170,0.0,,,,,
50270,1000000,1175,0.0,,,,,
50271,1000000,1176,0.0,,,,,
50272,1000000,1190,0.0,,,,,
50273,1000000,1178,0.0,,,,,
50274,1000000,1089,0.0,,,,,
50275,1000000,1095,0.0,,,,,
50276,1000000,1087,0.0,,,,,
50277,1000000,1090,0.0,,,,,
50278,1000000,1092,0.0,,,,,
50279,1000000,1093,0.0,,,,,
50280,1000000,1103,0.0,,,,,
50281,1000000,1100,0.0,,,,,
50282,1000000,1098,0.0,,,,,
50283,1000000,1101,0.0,,,,,
50284,1000000,1091,0.0,,,,,
50285,1000000,1099,0.0,,,,,
50286,1000000,1094,0.0,,,,,
50287,1000000,1180,0.0,,,,,
50288,1000001,1008,0.0,,,,,
50289,1000001,1003,0.0,,,,,
50290,1000001,1004,0.0,,,,,
50291,1000001,1005,0.0,,,,,
50292,1000001,1051,0.0,,,,,
50293,1000001,1079,0.0,,,,,
50294,1000001,1270,0.0,,,,,
50295,1000001,1269,0.0,,,,,
50296,1000001,1278,0.0,,,,,
50297,1000001,1272,0.0,,,,,
50298,1000001,1213,0.0,,,,,
50299,1000001,1214,0.0,,,,,
50300,1000001,1219,0.0,,,,,
50301,1000001,1212,0.0,,,,,
50302,1000001,1217,0.0,,,,,
50303,1000001,1218,0.0,,,,,
50304,1000001,1215,0.0,,,,,
50305,1000001,1216,0.0,,,,,
50306,1000001,1211,0.0,,,,,
50307,1000001,1221,0.0,,,,,
50308,1000001,1210,0.0,,,,,
50309,1000001,1106,0.0,,,,,
50310,1000001,1162,0.0,,,,,
50311,1000001,1114,100000,,,,,
50312,1000001,1109,0.0,,,,,
50313,1000001,1185,0.0,,,,,
50314,1000001,1165,0.0,,,,,
50315,1000001,1166,0.0,,,,,
50316,1000001,1167,0.0,,,,,
50317,1000001,1170,0.0,,,,,
50318,1000001,1175,0.0,,,,,
50319,1000001,1176,0.0,,,,,
50320,1000001,1190,0.0,,,,,
50321,1000001,1178,0.0,,,,,
50322,1000001,1089,0.0,,,,,
50323,1000001,1095,0.0,,,,,
50324,1000001,1087,0.0,,,,,
50325,1000001,1090,0.0,,,,,
50326,1000001,1092,0.0,,,,,
50327,1000001,1093,0.0,,,,,
50328,1000001,1103,0.0,,,,,
50329,1000001,1100,0.0,,,,,
50330,1000001,1098,0.0,,,,,
50331,1000001,1101,0.0,,,,,
50332,1000001,1091,0.0,,,,,
50333,1000001,1099,0.0,,,,,
50334,1000001,1094,0.0,,,,,
50335,1000001,1180,0.0,,,,,
50336,1000002,1008,0.0,,,,,
50337,1000002,1003,0.0,,,,,
50338,1000002,1004,0.0,,,,,
50339,1000002,1005,0.0,,,,,
50340,1000002,1051,0.0,,,,,
50341,1000002,1079,0.0,,,,,
50342,1000002,1270,0.0,,,,,
50343,1000002,1269,0.0,,,,,
50344,1000002,1278,0.0,,,,,
50345,1000002,1272,0.0,,,,,
50346,1000002,1213,0.0,,,,,
50347,1000002,1214,0.0,,,,,
50348,1000002,1219,0.0,,,,,
50349,1000002,1212,0.0,,,,,
50350,1000002,1217,0.0,,,,,
50351,1000002,1218,0.0,,,,,
50352,1000002,1215,0.0,,,,,
50353,1000002,1216,0.0,,,,,
50354,1000002,1211,0.0,,,,,
50355,1000002,1221,0.0,,,,,
50356,1000002,1210,0.0,,,,,
50357,1000002,1106,0.0,,,,,
50358,1000002,1162,0.0,,,,,
50359,1000002,1114,0.0,,,,,
50360,1000002,1109,0.0,,,,,
50361,1000002,1185,0.0,,,,,
50362,1000002,1165,0.0,,,,,
50363,1000002,1166,0.0,,,,,
50364,1000002,1167,0.0,,,,,
50365,1000002,1170,0.0,,,,,
50366,1000002,1175,0.0,,,,,
50367,1000002,1176,0.0,,,,,
50368,1000002,1190,0.0,,,,,
50369,1000002,1178,100000,,,,,
50370,1000002,1089,0.0,,,,,
50371,1000002,1095,0.0,,,,,
50372,1000002,1087,0.0,,,,,
50373,1000002,1090,0.0,,,,,
50374,1000002,1092,0.0,,,,,
50375,1000002,1093,0.0,,,,,
50376,1000002,1103,0.0,,,,,
50377,1000002,1100,0.0,,,,,
50378,1000002,1098,0.0,,,,,
50379,1000002,1101,0.0,,,,,
50380,1000002,1091,0.0,,,,,
50381,1000002,1099,0.0,,,,,
50382,1000002,1094,0.0,,,,,
50383,1000002,1180,0.0,,,,,
50384,1000003,1008,0.0,,,,,
50385,1000003,1003,0.0,,,,,
50386,1000003,1004,0.0,,,,,
50387,1000003,1005,0.0,,,,,
50388,1000003,1051,0.0,,,,,
50389,1000003,1079,0.0,,,,,
50390,1000003,1270,0.0,,,,,
50391,1000003,1269,0.0,,,,,
50392,1000003,1278,0.0,,,,,
50393,1000003,1272,0.0,,,,,
50394,1000003,1213,0.0,,,,,
50395,1000003,1214,0.0,,,,,
50396,1000003,1219,0.0,,,,,
50397,1000003,1212,0.0,,,,,
50398,1000003,1217,0.0,,,,,
50399,1000003,1218,0.0,,,,,
50400,1000003,1215,0.0,,,,,
50401,1000003,1216,0.0,,,,,
50402,1000003,1211,0.0,,,,,
50403,1000003,1221,0.0,,,,,
50404,1000003,1210,0.0,,,,,
50405,1000003,1106,0.0,,,,,
50406,1000003,1162,0.0,,,,,
50407,1000003,1114,0.0,,,,,
50408,1000003,1109,0.0,,,,,
50409,1000003,1185,0.0,,,,,
50410,1000003,1165,0.0,,,,,
50411,1000003,1166,0.0,,,,,
50412,1000003,1167,0.0,,,,,
50413,1000003,1170,0.0,,,,,
50414,1000003,1175,0.0,,,,,
50415,1000003,1176,0.0,,,,,
50416,1000003,1190,0.0,,,,,
50417,1000003,1178,0.0,,,,,
50418,1000003,1089,0.0,,,,,
50419,1000003,1095,0.0,,,,,
50420,1000003,1087,0.0,,,,,
50421,1000003,1090,0.0,,,,,
50422,1000003,1092,0.0,,,,,
50423,1000003,1093,0.0,,,,,
50424,1000003,1103,0.0,,,,,
50425,1000003,1100,0.0,,,,,
50426,1000003,1098,0.0,,,,,
50427,1000003,1101,0.0,,,,,
50428,1000003,1091,0.0,,,,,
50429,1000003,1099,0.0,,,,,
50430,1000003,1094,0.0,,,,,
50431,1000003,1180,0.0,,,,,
