product_id,nutrient_id,amount,source
1,1008,374,https://fr.openfoodfacts.org/produit/3596710531608/flocons-d-avoine-auchan
1,1005,59,https://fr.openfoodfacts.org/produit/3596710531608/flocons-d-avoine-auchan
12,1093,40000,estimate
14,1008,360,https://protometre.fr/produit/my-protein-isolat-de-proteine-de-soja-chocolat-onctueux
14,1003,90,https://protometre.fr/produit/my-protein-isolat-de-proteine-de-soja-chocolat-onctueux
14,1005,1.8,https://protometre.fr/produit/my-protein-isolat-de-proteine-de-soja-chocolat-onctueux
6,1106,1500,https://fr.iherb.com/pr/deva-vegan-multivitamin-mineral-supplement-one-daily-90-coated-tablets/12664
6,1162,150,https://fr.iherb.com/pr/deva-vegan-multivitamin-mineral-supplement-one-daily-90-coated-tablets/12664
6,1114,20,https://fr.iherb.com/pr/deva-vegan-multivitamin-mineral-supplement-one-daily-90-coated-tablets/12664
6,1109,30,https://fr.iherb.com/pr/deva-vegan-multivitamin-mineral-supplement-one-daily-90-coated-tablets/12664
6,1165,12,https://fr.iherb.com/pr/deva-vegan-multivitamin-mineral-supplement-one-daily-90-coated-tablets/12664
6,1166,13,https://fr.iherb.com/pr/deva-vegan-multivitamin-mineral-supplement-one-daily-90-coated-tablets/12664
6,1167,50,https://fr.iherb.com/pr/deva-vegan-multivitamin-mineral-supplement-one-daily-90-coated-tablets/12664
6,1175,12.75,https://fr.iherb.com/pr/deva-vegan-multivitamin-mineral-supplement-one-daily-90-coated-tablets/12664
6,1190,400,https://fr.iherb.com/pr/deva-vegan-multivitamin-mineral-supplement-one-daily-90-coated-tablets/12664
6,1178,100,https://fr.iherb.com/pr/deva-vegan-multivitamin-mineral-supplement-one-daily-90-coated-tablets/12664
6,1176,75,https://fr.iherb.com/pr/deva-vegan-multivitamin-mineral-supplement-one-daily-90-coated-tablets/12664
6,1170,25,https://fr.iherb.com/pr/deva-vegan-multivitamin-mineral-supplement-one-daily-90-coated-tablets/12664
6,1087,100,https://fr.iherb.com/pr/deva-vegan-multivitamin-mineral-supplement-one-daily-90-coated-tablets/12664
6,1089,18,https://fr.iherb.com/pr/deva-vegan-multivitamin-mineral-supplement-one-daily-90-coated-tablets/12664
6,1100,150,https://fr.iherb.com/pr/deva-vegan-multivitamin-mineral-supplement-one-daily-90-coated-tablets/12664
6,1090,40,https://fr.iherb.com/pr/deva-vegan-multivitamin-mineral-supplement-one-daily-90-coated-tablets/12664
6,1095,14,https://fr.iherb.com/pr/deva-vegan-multivitamin-mineral-supplement-one-daily-90-coated-tablets/12664
6,1103,70,https://fr.iherb.com/pr/deva-vegan-multivitamin-mineral-supplement-one-daily-90-coated-tablets/12664
6,1098,0.23,https://fr.iherb.com/pr/deva-vegan-multivitamin-mineral-supplement-one-daily-90-coated-tablets/12664
6,1101,2.3,https://fr.iherb.com/pr/deva-vegan-multivitamin-mineral-supplement-one-daily-90-coated-tablets/12664
6,1096,120,https://fr.iherb.com/pr/deva-vegan-multivitamin-mineral-supplement-one-daily-90-coated-tablets/12664
6,1102,75,https://fr.iherb.com/pr/deva-vegan-multivitamin-mineral-supplement-one-daily-90-coated-tablets/12664
6,1180,15,https://fr.iherb.com/pr/deva-vegan-multivitamin-mineral-supplement-one-daily-90-coated-tablets/12664
17,1114,25,naturaforce.com
18,1008,701,naturalia.fr
18,1004,69.8,naturalia.fr
18,1005,18.2,naturalia.fr
18,1003,1.6,naturalia.fr
19,1008,355,https://www.auchan.fr/auchan-riz-long-grain-incollable/pr-C1240700
19,1004,0.8,https://www.auchan.fr/auchan-riz-long-grain-incollable/pr-C1240700
19,1005,79,https://www.auchan.fr/auchan-riz-long-grain-incollable/pr-C1240700
19,1003,7.3,https://www.auchan.fr/auchan-riz-long-grain-incollable/pr-C1240700
19,1079,1.5,https://www.auchan.fr/auchan-riz-long-grain-incollable/pr-C1240700
19,1093,8,https://www.auchan.fr/auchan-riz-long-grain-incollable/pr-C1240700
21,1180,300,https://www.vitalabo.fr/zeinpharma/choline-600-mg
26,1106,1500,https://fr.iherb.com/pr/deva-vegan-multivitamin-mineral-supplement-with-greens-iron-free-90-coated-tablets/18166
26,1162,150,https://fr.iherb.com/pr/deva-vegan-multivitamin-mineral-supplement-with-greens-iron-free-90-coated-tablets/18166
26,1114,20,https://fr.iherb.com/pr/deva-vegan-multivitamin-mineral-supplement-with-greens-iron-free-90-coated-tablets/18166
26,1109,30,https://fr.iherb.com/pr/deva-vegan-multivitamin-mineral-supplement-with-greens-iron-free-90-coated-tablets/18166
26,1165,12,https://fr.iherb.com/pr/deva-vegan-multivitamin-mineral-supplement-with-greens-iron-free-90-coated-tablets/18166
26,1166,13,https://fr.iherb.com/pr/deva-vegan-multivitamin-mineral-supplement-with-greens-iron-free-90-coated-tablets/18166
26,1167,50,https://fr.iherb.com/pr/deva-vegan-multivitamin-mineral-supplement-with-greens-iron-free-90-coated-tablets/18166
26,1175,12.75,https://fr.iherb.com/pr/deva-vegan-multivitamin-mineral-supplement-with-greens-iron-free-90-coated-tablets/18166
26,1190,400,https://fr.iherb.com/pr/deva-vegan-multivitamin-mineral-supplement-with-greens-iron-free-90-coated-tablets/18166
26,1178,100,https://fr.iherb.com/pr/deva-vegan-multivitamin-mineral-supplement-with-greens-iron-free-90-coated-tablets/18166
26,1176,75,https://fr.iherb.com/pr/deva-vegan-multivitamin-mineral-supplement-with-greens-iron-free-90-coated-tablets/18166
26,1170,25,https://fr.iherb.com/pr/deva-vegan-multivitamin-mineral-supplement-with-greens-iron-free-90-coated-tablets/18166
26,1087,100,https://fr.iherb.com/pr/deva-vegan-multivitamin-mineral-supplement-with-greens-iron-free-90-coated-tablets/18166
26,1100,150,https://fr.iherb.com/pr/deva-vegan-multivitamin-mineral-supplement-with-greens-iron-free-90-coated-tablets/18166
26,1090,40,https://fr.iherb.com/pr/deva-vegan-multivitamin-mineral-supplement-with-greens-iron-free-90-coated-tablets/18166
26,1095,14,https://fr.iherb.com/pr/deva-vegan-multivitamin-mineral-supplement-with-greens-iron-free-90-coated-tablets/18166
26,1103,70,https://fr.iherb.com/pr/deva-vegan-multivitamin-mineral-supplement-with-greens-iron-free-90-coated-tablets/18166
26,1098,0.23,https://fr.iherb.com/pr/deva-vegan-multivitamin-mineral-supplement-with-greens-iron-free-90-coated-tablets/18166
26,1101,2.3,https://fr.iherb.com/pr/deva-vegan-multivitamin-mineral-supplement-with-greens-iron-free-90-coated-tablets/18166
26,1096,120,https://fr.iherb.com/pr/deva-vegan-multivitamin-mineral-supplement-with-greens-iron-free-90-coated-tablets/18166
26,1102,75,https://fr.iherb.com/pr/deva-vegan-multivitamin-mineral-supplement-with-greens-iron-free-90-coated-tablets/18166
26,1180,15,https://fr.iherb.com/pr/deva-vegan-multivitamin-mineral-supplement-with-greens-iron-free-90-coated-tablets/18166
26,1089,0,https://fr.iherb.com/pr/deva-vegan-multivitamin-mineral-supplement-with-greens-iron-free-90-coated-tablets/18166
