menu,date,fdc_id,description,amount,unit,options,other,needs,product_id
5,2026-10-11,168147,Vital wheat gluten,50,g,location cheap quick,,1079:15:25,46
5,2026-10-11,173904,"Cereals, oats, regular and quick, not fortified, dry",65,g,location cheap quick,,1079:15:25,27
5,2026-10-11,170563,"Seeds, sunflower seed kernels, dry roasted, without salt",30,g,location cheap quick,,1079:15:25,47
5,2026-10-11,1,Nutritional yeast,29,g,location cheap quick,,1079:15:25,35
5,2026-10-11,172470,"Peanut butter, smooth style, without salt",25,g,location cheap quick,,1079:15:25,29
5,2026-10-11,173468,"Salt, table",4,g,location cheap quick,,1079:15:25,44
5,2026-10-11,2,"Algae oil supplement, pill",1,dose,location cheap quick,,1079:15:25,20
5,2026-10-11,5,"Choline supplement, pill",1,dose,location cheap quick,,1079:15:25,21
5,2026-10-11,172336,"Oil, canola",35,g,location cheap quick,,1079:15:25,40
5,2026-10-11,7,Vegan multivitamin,1,dose,location cheap quick,,1079:15:25,26
5,2026-10-11,172456,"Soymilk, original and vanilla, with added calcium, vitamins A and D",515,g,location cheap quick,,1079:15:25,2
5,2026-10-11,175103,"Beverages, water, tap, municipal",2700,g,location cheap quick,,1079:15:25,43
5,2026-10-11,169756,"Rice, white, long-grain, regular, raw, unenriched",135,g,location cheap quick,,1079:15:25,19
5,2026-10-11,174276,Soy protein isolate,50,g,location cheap quick,,1079:15:25,14
5,2026-10-11,169736,"Pasta, dry, enriched",80,g,location cheap quick,,1079:15:25,41
